"zone_id","treat_desc","dap","ratio","ratio_lag","dap_lag","seg_area","cum_ratio"
"1","Bednar",1,0.096560025732128,0.096560025732128,0,0.096560025732128,0.096560025732128
"1","Bednar",6,0.0868324912324244,0.096560025732128,1,0.458481292411381,0.555041318143509
"1","Bednar",16,0.0785442137596559,0.0868324912324244,6,0.826883524960401,1.38192484310391
"1","Bednar",23,0.0898075415467729,0.0785442137596559,16,0.589231143572501,1.97115598667641
"1","Bednar",26,0.0923424454824049,0.0898075415467729,23,0.273224980543767,2.24438096722018
"1","Bednar",31,0.100178814116789,0.0923424454824049,26,0.481303148997986,2.72568411621816
"1","Bednar",43,0.145788117543775,0.100178814116789,31,1.47580158996339,4.20148570618155
"1","Bednar",61,0.275494205525943,0.145788117543775,43,3.79154090762747,7.99302661380902
"1","Bednar",63,0.278216144929127,0.275494205525943,61,0.55371035045507,8.54673696426409
"1","Bednar",71,0.355500402924966,0.278216144929127,63,2.53486619141637,11.0816031556805
"1","Bednar",76,0.387483855534573,0.355500402924966,71,1.85746064614885,12.9390638018293
"1","Bednar",81,0.406248472113999,0.387483855534573,76,1.98433081912143,14.9233946209507
"1","Bednar",91,0.447714389708577,0.406248472113999,81,4.26981430911288,19.1932089300636
"1","Bednar",96,0.434260566867128,0.447714389708577,91,2.20493739143926,21.3981463215029
"1","Bednar",103,0.475011291187637,0.434260566867128,96,3.18245150319168,24.5805978246946
"1","Bednar",111,0.443778009803928,0.475011291187637,103,3.67515720396626,28.2557550286608
"1","Bednar",116,0.407556034107597,0.443778009803928,111,2.12833510977881,30.3840901384396
"1","Bednar",123,0.376203576885924,0.407556034107597,116,2.74315863847733,33.127248776917
"1","Control",1,0.0908589921891689,0.0908589921891689,0,0.0908589921891689,0.0908589921891689
"1","Control",6,0.0907354621438805,0.0908589921891689,1,0.453986135832624,0.544845128021793
"1","Control",16,0.0817178009641827,0.0907354621438805,6,0.862266315540316,1.40711144356211
"1","Control",23,0.0884655934134755,0.0817178009641827,16,0.595641880321803,2.00275332388391
"1","Control",26,0.0914707799877869,0.0884655934134755,23,0.269904560101894,2.27265788398581
"1","Control",31,0.0933155053457536,0.0914707799877869,26,0.461965713333851,2.73462359731966
"1","Control",43,0.111003172780396,0.0933155053457536,31,1.2259120687569,3.96053566607655
"1","Control",61,0.15360889211297,0.111003172780396,43,2.38150858404029,6.34204425011685
"1","Control",63,0.179305407090471,0.15360889211297,61,0.332914299203442,6.67495854932029
"1","Control",71,0.187278311050266,0.179305407090471,63,1.46633487256295,8.14129342188324
"1","Control",76,0.207763551982171,0.187278311050266,71,0.987604657581093,9.12889807946433
"1","Control",81,0.24493618183043,0.207763551982171,76,1.1317493345315,10.2606474139958
"1","Control",91,0.283117116864668,0.24493618183043,81,2.64026649347549,12.9009139074713
"1","Control",96,0.298981650843533,0.283117116864668,91,1.4552469192705,14.3561608267418
"1","Control",103,0.349112253328529,0.298981650843533,96,2.26832866460222,16.624489491344
"1","Control",111,0.374699594230827,0.349112253328529,103,2.89524739023742,19.5197368815815
"1","Control",116,0.358229837149655,0.374699594230827,111,1.8323235784512,21.3520604600327
"1","Control",123,0.350978655962769,0.358229837149655,116,2.48222972589348,23.8342901859262
"1","Deep_Ripping",1,0.103339270773259,0.103339270773259,0,0.103339270773259,0.103339270773259
"1","Deep_Ripping",6,0.0943666225807233,0.103339270773259,1,0.494264733384956,0.597604004158215
"1","Deep_Ripping",16,0.0849632654000412,0.0943666225807233,6,0.896649439903823,1.49425344406204
"1","Deep_Ripping",23,0.0890502341768958,0.0849632654000412,16,0.60904724851928,2.10330069258132
"1","Deep_Ripping",26,0.0741280057890849,0.0890502341768958,23,0.244767359948971,2.34806805253029
"1","Deep_Ripping",31,0.0918556514788758,0.0741280057890849,26,0.414959143169902,2.76302719570019
"1","Deep_Ripping",43,0.114984545247121,0.0918556514788758,31,1.24104118035598,4.00406837605617
"1","Deep_Ripping",61,0.172550726275552,0.114984545247121,43,2.58781744370406,6.59188581976024
"1","Deep_Ripping",63,0.199020113728263,0.172550726275552,61,0.371570840003816,6.96345665976405
"1","Deep_Ripping",71,0.226235948164355,0.199020113728263,63,1.70102424757047,8.66448090733452
"1","Deep_Ripping",76,0.259664649448612,0.226235948164355,71,1.21475149403242,9.87923240136694
"1","Deep_Ripping",81,0.284450553493066,0.259664649448612,76,1.36028800735419,11.2395204087211
"1","Deep_Ripping",91,0.34095054350116,0.284450553493066,81,3.12700548497113,14.3665258936923
"1","Deep_Ripping",96,0.357252020998435,0.34095054350116,91,1.74550641124899,16.1120323049413
"1","Deep_Ripping",103,0.405570260774006,0.357252020998435,96,2.66987798620354,18.7819102911448
"1","Deep_Ripping",111,0.413188400051811,0.405570260774006,103,3.27503464330326,22.0569449344481
"1","Deep_Ripping",116,0.394381659952077,0.413188400051811,111,2.01892515000972,24.0758700844578
"1","Deep_Ripping",123,0.378210355205969,0.394381659952077,116,2.70407205305316,26.7799421375109
"1","Horsch",1,0.0973956216288649,0.0973956216288649,0,0.0973956216288649,0.0973956216288649
"1","Horsch",6,0.0891567422320013,0.0973956216288649,1,0.466380909652166,0.563776531281031
"1","Horsch",16,0.0806955637491268,0.0891567422320013,6,0.849261529905641,1.41303806118667
"1","Horsch",23,0.088684854818427,0.0806955637491268,16,0.592831464986438,2.00586952617311
"1","Horsch",26,0.0878268977708143,0.088684854818427,23,0.264767628883862,2.27063715505697
"1","Horsch",31,0.0970871250914491,0.0878268977708143,26,0.462285057155658,2.73292221221263
"1","Horsch",43,0.135192559659481,0.0970871250914491,31,1.39367810850558,4.12660032071821
"1","Horsch",61,0.245760875357234,0.135192559659481,43,3.42858091515043,7.55518123586865
"1","Horsch",63,0.258154677243336,0.245760875357234,61,0.50391555260057,8.05909678846922
"1","Horsch",71,0.321761962123539,0.258154677243336,63,2.3196665574675,10.3787633459367
"1","Horsch",76,0.356733916181585,0.321761962123539,71,1.69623969576281,12.0750030416995
"1","Horsch",81,0.381735743063947,0.356733916181585,76,1.84617414811383,13.9211771898134
"1","Horsch",91,0.417857250376888,0.381735743063947,81,3.99796496720418,17.9191421570175
"1","Horsch",96,0.412780221778414,0.417857250376888,91,2.07659368038825,19.9957358374058
"1","Horsch",103,0.452597932452741,0.412780221778414,96,3.02882353980904,23.0245593772148
"1","Horsch",111,0.427589072481446,0.452597932452741,103,3.52074801973675,26.5453073969516
"1","Horsch",116,0.395721516142721,0.427589072481446,111,2.05827647156042,28.603583868512
"1","Horsch",123,0.368544145770695,0.395721516142721,116,2.67492981669695,31.2785136852089
"1","Inlcusion_Ripping",1,0.107017505040139,0.107017505040139,0,0.107017505040139,0.107017505040139
"1","Inlcusion_Ripping",6,0.0856230653546475,0.107017505040139,1,0.481601425986967,0.588618931027106
"1","Inlcusion_Ripping",16,0.0774355771732919,0.0856230653546475,6,0.815293212639697,1.4039121436668
"1","Inlcusion_Ripping",23,0.085112391890567,0.0774355771732919,16,0.568917891723506,1.97283003539031
"1","Inlcusion_Ripping",26,0.0614237338994388,0.085112391890567,23,0.219804188685009,2.19263422407532
"1","Inlcusion_Ripping",31,0.0850768253943067,0.0614237338994388,26,0.366251398234364,2.55888562230968
"1","Inlcusion_Ripping",43,0.102323449596211,0.0850768253943067,31,1.1244016499431,3.68328727225279
"1","Inlcusion_Ripping",61,0.120122170650665,0.102323449596211,43,2.00201058222188,5.68529785447467
"1","Inlcusion_Ripping",63,0.157232761015127,0.120122170650665,61,0.277354931665791,5.96265278614046
"1","Inlcusion_Ripping",71,0.144344154147454,0.157232761015127,63,1.20630766065032,7.16896044679078
"1","Inlcusion_Ripping",76,0.166264128629808,0.144344154147454,71,0.776520706943156,7.94548115373394
"1","Inlcusion_Ripping",81,0.19115941732386,0.166264128629808,76,0.893558864884171,8.83904001861811
"1","Inlcusion_Ripping",91,0.239608300320896,0.19115941732386,81,2.15383858822378,10.9928786068419
"1","Inlcusion_Ripping",96,0.274163904933282,0.239608300320896,91,1.28443051313544,12.2773091199773
"1","Inlcusion_Ripping",103,0.326809442337648,0.274163904933282,96,2.10340671544826,14.3807158354256
"1","Inlcusion_Ripping",111,0.368827738879639,0.326809442337648,103,2.78254872486915,17.1632645602947
"1","Inlcusion_Ripping",116,0.356224887900882,0.368827738879639,111,1.8126315669513,18.975896127246
"1","Inlcusion_Ripping",123,0.353084785334858,0.356224887900882,116,2.48258385632509,21.4584799835711
"1","Plozza_Plough",1,0.101846207733736,0.101846207733736,0,0.101846207733736,0.101846207733736
"1","Plozza_Plough",6,0.0794791269831914,0.101846207733736,1,0.453313336792317,0.555159544526053
"1","Plozza_Plough",16,0.0736183122970349,0.0794791269831914,6,0.765487196401131,1.32064674092718
"1","Plozza_Plough",23,0.0853975537764139,0.0736183122970349,16,0.556555531257071,1.87720227218425
"1","Plozza_Plough",26,0.0847724720620173,0.0853975537764139,23,0.255255038757647,2.1324573109419
"1","Plozza_Plough",31,0.0922992986834739,0.0847724720620173,26,0.442679426863728,2.57513673780563
"1","Plozza_Plough",43,0.123014855575709,0.0922992986834739,31,1.2918849255551,3.86702166336073
"1","Plozza_Plough",61,0.220968713537474,0.123014855575709,43,3.09585212201865,6.96287378537938
"1","Plozza_Plough",63,0.225857994526871,0.220968713537474,61,0.446826708064345,7.40970049344373
"1","Plozza_Plough",71,0.310869322828025,0.225857994526871,63,2.14690926941958,9.55660976286331
"1","Plozza_Plough",76,0.349849533505184,0.310869322828025,71,1.65179714083302,11.2084069036963
"1","Plozza_Plough",81,0.372731633545939,0.349849533505184,76,1.80645291762781,13.0148598213241
"1","Plozza_Plough",91,0.428447353692094,0.372731633545939,81,4.00589493619016,17.0207547575143
"1","Plozza_Plough",96,0.420115718417916,0.428447353692094,91,2.12140768027503,19.1421624377893
"1","Plozza_Plough",103,0.46848679734163,0.420115718417916,96,3.11010880515841,22.2522712429477
"1","Plozza_Plough",111,0.449372536756776,0.46848679734163,103,3.67143733639362,25.9237085793414
"1","Plozza_Plough",116,0.413987280292944,0.449372536756776,111,2.1583995426243,28.0821081219657
"1","Plozza_Plough",123,0.385585470017323,0.413987280292944,116,2.79850462608594,30.8806127480516
"1","Rotary_Spading",1,0.0953813476245041,0.0953813476245041,0,0.0953813476245041,0.0953813476245041
"1","Rotary_Spading",6,0.0774500749843276,0.0953813476245041,1,0.432078556522079,0.527459904146583
"1","Rotary_Spading",16,0.0720751490039022,0.0774500749843276,6,0.747626119941149,1.27508602408773
"1","Rotary_Spading",23,0.0825931872848583,0.0720751490039022,16,0.541339177010662,1.81642520109839
"1","Rotary_Spading",26,0.0667110718179332,0.0825931872848583,23,0.223956388654187,2.04038158975258
"1","Rotary_Spading",31,0.089170205609306,0.0667110718179332,26,0.389703193568098,2.43008478332068
"1","Rotary_Spading",43,0.113294562891774,0.089170205609306,31,1.21478861100648,3.64487339432716
"1","Rotary_Spading",61,0.160131122754968,0.113294562891774,43,2.46083117082067,6.10570456514783
"1","Rotary_Spading",63,0.192476460629183,0.160131122754968,61,0.352607583384151,6.45831214853198
"1","Rotary_Spading",71,0.225253832890936,0.192476460629183,63,1.67092117408048,8.12923332261246
"1","Rotary_Spading",76,0.266698640001857,0.225253832890936,71,1.22988118223198,9.35911450484444
"1","Rotary_Spading",81,0.301509119246317,0.266698640001857,76,1.42051939812043,10.7796339029649
"1","Rotary_Spading",91,0.410640295109023,0.301509119246317,81,3.5607470717767,14.3403809747416
"1","Rotary_Spading",96,0.42830039722764,0.410640295109023,91,2.09735173084166,16.4377327055832
"1","Rotary_Spading",103,0.493818134069443,0.42830039722764,96,3.22741485953979,19.665147565123
"1","Rotary_Spading",111,0.48847552097362,0.493818134069443,103,3.92917462017225,23.5943221852953
"1","Rotary_Spading",116,0.456927281358968,0.48847552097362,111,2.36350700583147,25.9578291911267
"1","Rotary_Spading",123,0.440556906163692,0.456927281358968,116,3.14119465632931,29.099023847456
"1","TopDown",1,0.102629967550842,0.102629967550842,0,0.102629967550842,0.102629967550842
"1","TopDown",6,0.0851063913228561,0.102629967550842,1,0.469340897184245,0.571970864735088
"1","TopDown",16,0.0781416215458695,0.0851063913228561,6,0.816240064343628,1.38821092907872
"1","TopDown",23,0.0848399015713711,0.0781416215458695,16,0.570435330910342,1.95864625998906
"1","TopDown",26,0.083574418997278,0.0848399015713711,23,0.252621480852974,2.21126774084203
"1","TopDown",31,0.0897444492396043,0.083574418997278,26,0.433297170592206,2.64456491143424
"1","TopDown",43,0.109767064330529,0.0897444492396043,31,1.1970690814208,3.84163399285504
"1","TopDown",61,0.164110150325055,0.109767064330529,43,2.46489493190026,6.3065289247553
"1","TopDown",63,0.186308442117,0.164110150325055,61,0.350418592442055,6.65694751719735
"1","TopDown",71,0.229474690282831,0.186308442117,63,1.66313252959933,8.32008004679668
"1","TopDown",76,0.27370972189368,0.229474690282831,71,1.25796103044128,9.57804107723796
"1","TopDown",81,0.305976811355474,0.27370972189368,76,1.44921633312289,11.0272574103608
"1","TopDown",91,0.383980932649301,0.305976811355474,81,3.44978872002388,14.4770461303847
"1","TopDown",96,0.405807261442652,0.383980932649301,91,1.97447048522988,16.4515166156146
"1","TopDown",103,0.464189011466746,0.405807261442652,96,3.04498695518289,19.4965035707975
"1","TopDown",111,0.460372880770236,0.464189011466746,103,3.69824756894793,23.1947511397454
"1","TopDown",116,0.429008209705353,0.460372880770236,111,2.22345272618897,25.4182038659344
"1","TopDown",123,0.412741804122925,0.429008209705353,116,2.94612504839897,28.3643289143334
"2","Bednar",1,0.091617003647667,0.091617003647667,0,0.091617003647667,0.091617003647667
"2","Bednar",6,0.0764467292888598,0.091617003647667,1,0.420159332341317,0.511776335988984
"2","Bednar",16,0.073658214374022,0.0764467292888598,6,0.750524718314409,1.26230105430339
"2","Bednar",23,0.0830098813907667,0.073658214374022,16,0.54833833517676,1.81063938948015
"2","Bednar",26,0.0764720282432708,0.0830098813907667,23,0.239222864451056,2.04986225393121
"2","Bednar",31,0.0941279728078481,0.0764720282432708,26,0.426500002627797,2.47636225655901
"2","Bednar",43,0.137989052091584,0.0941279728078481,31,1.39270214939659,3.8690644059556
"2","Bednar",61,0.248750107757973,0.137989052091584,43,3.48065243864601,7.34971684460161
"2","Bednar",63,0.248795814812183,0.248750107757973,61,0.497545922570156,7.84726276717177
"2","Bednar",71,0.335654211089467,0.248795814812183,63,2.3378001036066,10.1850628707784
"2","Bednar",76,0.373350854398626,0.335654211089467,71,1.77251266372023,11.9575755344986
"2","Bednar",81,0.406722255954237,0.373350854398626,76,1.95018277588216,13.9077583103808
"2","Bednar",91,0.442161985870564,0.406722255954237,81,4.244421209124,18.1521795195048
"2","Bednar",96,0.434087674726139,0.442161985870564,91,2.19062415149176,20.3428036709965
"2","Bednar",103,0.478924832109249,0.434087674726139,96,3.19554377392386,23.5383474449204
"2","Bednar",111,0.449153729008906,0.478924832109249,103,3.71231424447262,27.250661689393
"2","Bednar",116,0.412694656487667,0.449153729008906,111,2.15462096374143,29.4052826531344
"2","Bednar",123,0.379259998599688,0.412694656487667,116,2.77184129280574,32.1771239459402
"2","Control",1,0.083939320061888,0.083939320061888,0,0.083939320061888,0.083939320061888
"2","Control",6,0.079699711820909,0.083939320061888,1,0.409097579706992,0.49303689976888
"2","Control",16,0.0742916973573821,0.079699711820909,6,0.769957045891455,1.26299394566034
"2","Control",23,0.084141679001706,0.0742916973573821,16,0.554516817256808,1.81751076291714
"2","Control",26,0.0854753009974956,0.084141679001706,23,0.254425469998802,2.07193623291595
"2","Control",31,0.0926489878978048,0.0854753009974956,26,0.445310722238251,2.5172469551542
"2","Control",43,0.126308853498527,0.0926489878978048,31,1.31374704837799,3.83099400353219
"2","Control",61,0.208108035155705,0.126308853498527,43,3.00975199788809,6.84074600142028
"2","Control",63,0.208764336577484,0.208108035155705,61,0.416872371733189,7.25761837315347
"2","Control",71,0.263344371638128,0.208764336577484,63,1.88843483286245,9.14605320601591
"2","Control",76,0.287268434464931,0.263344371638128,71,1.37653201525765,10.5225852212736
"2","Control",81,0.325410569565637,0.287268434464931,76,1.53169751007642,12.05428273135
"2","Control",91,0.362249234531607,0.325410569565637,81,3.43829902048622,15.4925817518362
"2","Control",96,0.364056114426681,0.362249234531607,91,1.81576337239572,17.3083451242319
"2","Control",103,0.408550104498863,0.364056114426681,96,2.7041217662394,20.0124668904713
"2","Control",111,0.410116339581353,0.408550104498863,103,3.27466577632087,23.2871326667922
"2","Control",116,0.385473254323006,0.410116339581353,111,1.9889739847609,25.2761066515531
"2","Control",123,0.363179756913866,0.385473254323006,116,2.62028553932905,27.8963921908821
"2","Deep_Ripping",1,0.10229271468189,0.10229271468189,0,0.10229271468189,0.10229271468189
"2","Deep_Ripping",6,0.0928579399983088,0.10229271468189,1,0.487876636700498,0.590169351382388
"2","Deep_Ripping",16,0.0852619119816356,0.0928579399983088,6,0.890599259899722,1.48076861128211
"2","Deep_Ripping",23,0.0844640976852841,0.0852619119816356,16,0.594041033834219,2.07480964511633
"2","Deep_Ripping",26,0.0580965262320307,0.0844640976852841,23,0.213840935875972,2.2886505809923
"2","Deep_Ripping",31,0.0890712592336867,0.0580965262320307,26,0.367919463664293,2.65657004465659
"2","Deep_Ripping",43,0.115099564194679,0.0890712592336867,31,1.2250249405702,3.88159498522679
"2","Deep_Ripping",61,0.173217582868205,0.115099564194679,43,2.59485432356596,6.47644930879275
"2","Deep_Ripping",63,0.20294827984439,0.173217582868205,61,0.376165862712595,6.85261517150535
"2","Deep_Ripping",71,0.23330429279142,0.20294827984439,63,1.74501029054324,8.59762546204858
"2","Deep_Ripping",76,0.267117216024134,0.23330429279142,71,1.25105377203888,9.84867923408747
"2","Deep_Ripping",81,0.304033933414353,0.267117216024134,76,1.42787787359622,11.2765571076837
"2","Deep_Ripping",91,0.366090740429031,0.304033933414353,81,3.35062336921692,14.6271804769006
"2","Deep_Ripping",96,0.383477291133669,0.366090740429031,91,1.87392007890675,16.5011005558074
"2","Deep_Ripping",103,0.443560512860616,0.383477291133669,96,2.89463231398,19.3957328697873
"2","Deep_Ripping",111,0.452987808651394,0.443560512860616,103,3.58619328604804,22.9819261558354
"2","Deep_Ripping",116,0.428819497426351,0.452987808651394,111,2.20451826519436,25.1864444210298
"2","Deep_Ripping",123,0.415637258688609,0.428819497426351,116,2.95559864640236,28.1420430674321
"2","Horsch",1,0.098006807493441,0.098006807493441,0,0.098006807493441,0.098006807493441
"2","Horsch",6,0.0840958469180447,0.098006807493441,1,0.455256636028714,0.553263443522155
"2","Horsch",16,0.0789299918846651,0.0840958469180447,6,0.815129194013549,1.3683926375357
"2","Horsch",23,0.0848211611084866,0.0789299918846651,16,0.573129035476031,1.94152167301173
"2","Horsch",26,0.0706380482085727,0.0848211611084866,23,0.233188813975589,2.17471048698732
"2","Horsch",31,0.091351276432926,0.0706380482085727,26,0.404973311603747,2.57968379859107
"2","Horsch",43,0.12467076685844,0.091351276432926,31,1.2961322597482,3.87581605833927
"2","Horsch",61,0.202923532462481,0.12467076685844,43,2.9483486938883,6.82416475222757
"2","Horsch",63,0.226073502365387,0.202923532462481,61,0.428997034827868,7.25316178705543
"2","Horsch",71,0.279970619263071,0.226073502365387,63,2.02417648651383,9.27733827356926
"2","Horsch",76,0.319178814463543,0.279970619263071,71,1.49787358431654,10.7752118578858
"2","Horsch",81,0.346126097847115,0.319178814463543,76,1.66326228077665,12.4384741386624
"2","Horsch",91,0.403726812113415,0.346126097847115,81,3.74926454980265,16.1877386884651
"2","Horsch",96,0.409771899833824,0.403726812113415,91,2.0337467798681,18.2214854683332
"2","Horsch",103,0.459510453722694,0.409771899833824,96,3.04248823744781,21.263973705781
"2","Horsch",111,0.446714979229551,0.459510453722694,103,3.62490173180898,24.88887543759
"2","Horsch",116,0.414395669644529,0.446714979229551,111,2.1527766221852,27.0416520597752
"2","Horsch",123,0.390551535017563,0.414395669644529,116,2.81731521631732,29.8589672760925
"2","Inlcusion_Ripping",1,0.107583197206259,0.107583197206259,0,0.107583197206259,0.107583197206259
"2","Inlcusion_Ripping",6,0.0880905717611313,0.107583197206259,1,0.489184422418475,0.596767619624734
"2","Inlcusion_Ripping",16,0.0782893309990565,0.0880905717611313,6,0.831899513800939,1.42866713342567
"2","Inlcusion_Ripping",23,0.0867526007195314,0.0782893309990565,16,0.577646761015058,2.00631389444073
"2","Inlcusion_Ripping",26,0.0570288167024652,0.0867526007195314,23,0.215672126132995,2.22198602057373
"2","Inlcusion_Ripping",31,0.0906999265154203,0.0570288167024652,26,0.369321858044714,2.59130787861844
"2","Inlcusion_Ripping",43,0.116776835670074,0.0906999265154203,31,1.24486057311296,3.8361684517314
"2","Inlcusion_Ripping",61,0.16424307351311,0.116776835670074,43,2.52917918264866,6.36534763438006
"2","Inlcusion_Ripping",63,0.195953107873599,0.16424307351311,61,0.360196181386709,6.72554381576677
"2","Inlcusion_Ripping",71,0.217342367519935,0.195953107873599,63,1.65318190157413,8.37872571734091
"2","Inlcusion_Ripping",76,0.248162202785412,0.217342367519935,71,1.16376142576337,9.54248714310428
"2","Inlcusion_Ripping",81,0.271208877364794,0.248162202785412,76,1.29842770037552,10.8409148434798
"2","Inlcusion_Ripping",91,0.350836418072383,0.271208877364794,81,3.11022647718588,13.9511413206657
"2","Inlcusion_Ripping",96,0.373226763308048,0.350836418072383,91,1.81015795345108,15.7612992741168
"2","Inlcusion_Ripping",103,0.436126057306925,0.373226763308048,96,2.83273487215241,18.5940341462692
"2","Inlcusion_Ripping",111,0.45239338974158,0.436126057306925,103,3.55407778819402,22.1481119344632
"2","Inlcusion_Ripping",116,0.43011562426885,0.45239338974158,111,2.20627253502607,24.3543844694893
"2","Inlcusion_Ripping",123,0.416724279522896,0.43011562426885,116,2.96393966327111,27.3183241327604
"2","Plozza_Plough",1,0.10465739943363,0.10465739943363,0,0.10465739943363,0.10465739943363
"2","Plozza_Plough",6,0.0810793100131883,0.10465739943363,1,0.464341773617047,0.568999173050677
"2","Plozza_Plough",16,0.0747028782411858,0.0810793100131883,6,0.77891094127187,1.34791011432255
"2","Plozza_Plough",23,0.0849824757487686,0.0747028782411858,16,0.55889873896484,1.90680885328739
"2","Plozza_Plough",26,0.0910848644044664,0.0849824757487686,23,0.264101010229852,2.17090986351724
"2","Plozza_Plough",31,0.0914340019226074,0.0910848644044664,26,0.456297165817685,2.62720702933493
"2","Plozza_Plough",43,0.12315613500498,0.0914340019226074,31,1.28754082156552,3.91474785090045
"2","Plozza_Plough",61,0.22621238010901,0.12315613500498,43,3.14431663602591,7.05906448692635
"2","Plozza_Plough",63,0.238186506761445,0.22621238010901,61,0.464398886870455,7.52346337379681
"2","Plozza_Plough",71,0.320094663235876,0.238186506761445,63,2.23312467998928,9.75658805378609
"2","Plozza_Plough",76,0.362179643026105,0.320094663235876,71,1.70568576565495,11.462273819441
"2","Plozza_Plough",81,0.344242215156555,0.362179643026105,76,1.76605464545665,13.2283284648977
"2","Plozza_Plough",91,0.443448604257018,0.344242215156555,81,3.93845409706787,17.1667825619656
"2","Plozza_Plough",96,0.440290505135501,0.443448604257018,91,2.2093477734813,19.3761303354469
"2","Plozza_Plough",103,0.487365436774713,0.440290505135501,96,3.24679579668575,22.6229261321326
"2","Plozza_Plough",111,0.468761434157689,0.487365436774713,103,3.82450748372961,26.4474336158622
"2","Plozza_Plough",116,0.429562268433747,0.468761434157689,111,2.24580925647859,28.6932428723408
"2","Plozza_Plough",123,0.405302853495986,0.429562268433747,116,2.92202792675407,31.6152707990949
"2","Rotary_Spading",1,0.0970028660127095,0.0970028660127095,0,0.0970028660127095,0.0970028660127095
"2","Rotary_Spading",6,0.0796861845467772,0.0970028660127095,1,0.441722626398717,0.538725492411426
"2","Rotary_Spading",16,0.0740138361496585,0.0796861845467772,6,0.768500103482178,1.3072255958936
"2","Rotary_Spading",23,0.0826165431312152,0.0740138361496585,16,0.548206327483058,1.85543192337666
"2","Rotary_Spading",26,0.0705511636499848,0.0826165431312152,23,0.2297515601718,2.08518348354846
"2","Rotary_Spading",31,0.088878015854529,0.0705511636499848,26,0.398572948761284,2.48375643230975
"2","Rotary_Spading",43,0.118820054190499,0.088878015854529,31,1.24618842027017,3.72994485257992
"2","Rotary_Spading",61,0.16216477645295,0.118820054190499,43,2.52886347579105,6.25880832837096
"2","Rotary_Spading",63,0.192599979894502,0.16216477645295,61,0.354764756347452,6.61357308471842
"2","Rotary_Spading",71,0.2112190084798,0.192599979894502,63,1.61527595349721,8.22884903821562
"2","Rotary_Spading",76,0.246090049190181,0.2112190084798,71,1.14327264417495,9.37212168239057
"2","Rotary_Spading",81,0.270787238010338,0.246090049190181,76,1.2921932180013,10.6643149003919
"2","Rotary_Spading",91,0.391146559800421,0.270787238010338,81,3.30966898905379,13.9739838894457
"2","Rotary_Spading",96,0.422255416001592,0.391146559800421,91,2.03350493950503,16.0074888289507
"2","Rotary_Spading",103,0.492427072354725,0.422255416001592,96,3.20138870924711,19.2088775381978
"2","Rotary_Spading",111,0.494240281837327,0.492427072354725,103,3.94666941676821,23.155546954966
"2","Rotary_Spading",116,0.453555971384048,0.494240281837327,111,2.36949063305344,25.5250375880195
"2","Rotary_Spading",123,0.443310952612332,0.453555971384048,116,3.13903423398733,28.6640718220068
"2","TopDown",1,0.102793979561991,0.102793979561991,0,0.102793979561991,0.102793979561991
"2","TopDown",6,0.0842876128024525,0.102793979561991,1,0.467703980911109,0.5704979604731
"2","TopDown",16,0.0761932149115536,0.0842876128024525,6,0.80240413857003,1.37290209904313
"2","TopDown",23,0.0843066575212611,0.0761932149115536,16,0.561749553514852,1.93465165255798
"2","TopDown",26,0.0859142117616203,0.0843066575212611,23,0.255331303924322,2.1899829564823
"2","TopDown",31,0.0895822596632772,0.0859142117616203,26,0.438741178562244,2.62872413504455
"2","TopDown",43,0.11479178795384,0.0895822596632772,31,1.22624428570271,3.85496842074725
"2","TopDown",61,0.169010866640343,0.11479178795384,43,2.55422389134765,6.4091923120949
"2","TopDown",63,0.18332323183616,0.169010866640343,61,0.352334098476503,6.7615264105714
"2","TopDown",71,0.242705059134298,0.18332323183616,63,1.70411316388183,8.46563957445323
"2","TopDown",76,0.287012470679151,0.242705059134298,71,1.32429382453362,9.78993339898686
"2","TopDown",81,0.328731827023957,0.287012470679151,76,1.53936074425777,11.3292941432446
"2","TopDown",91,0.403242674966653,0.328731827023957,81,3.65987250995305,14.9891666531977
"2","TopDown",96,0.41732608113024,0.403242674966653,91,2.05142189024223,17.0405885434399
"2","TopDown",103,0.474875989059607,0.41732608113024,96,3.12270724566446,20.1632957891044
"2","TopDown",111,0.469252443975872,0.474875989059607,103,3.77651373214192,23.9398095212463
"2","TopDown",116,0.442706138723426,0.469252443975872,111,2.27989645674825,26.2197059779945
"2","TopDown",123,0.414374350673623,0.442706138723426,116,2.99978171288967,29.2194876908842
"4","Bednar",1,0.0932698032922215,0.0932698032922215,0,0.0932698032922215,0.0932698032922215
"4","Bednar",6,0.0818972067700492,0.0932698032922215,1,0.437917525155677,0.531187328447898
"4","Bednar",16,0.0753244779176182,0.0818972067700492,6,0.786108423438337,1.31729575188624
"4","Bednar",23,0.085703565677007,0.0753244779176182,16,0.563598152581188,1.88089390446742
"4","Bednar",26,0.0719106196529335,0.085703565677007,23,0.236421277994911,2.11731518246233
"4","Bednar",31,0.0907615777519014,0.0719106196529335,26,0.406680493512087,2.52399567597442
"4","Bednar",43,0.116733979350991,0.0907615777519014,31,1.24497334261735,3.76896901859178
"4","Bednar",61,0.188661791880925,0.116733979350991,43,2.74856194108725,6.51753095967902
"4","Bednar",63,0.19780450993114,0.188661791880925,61,0.386466301812066,6.90399726149109
"4","Bednar",71,0.26058123740885,0.19780450993114,63,1.83354298935996,8.73754025085105
"4","Bednar",76,0.298181284136242,0.26058123740885,71,1.39690630386273,10.1344465547138
"4","Bednar",81,0.329470144377814,0.298181284136242,76,1.56912857128514,11.7035751259989
"4","Bednar",91,0.378670313623216,0.329470144377814,81,3.54070229000515,15.2442774160041
"4","Bednar",96,0.383562844991684,0.378670313623216,91,1.90558289653725,17.1498603125413
"4","Bednar",103,0.42921246820026,0.383562844991684,96,2.8447135961718,19.9945739087131
"4","Bednar",111,0.410665942562951,0.42921246820026,103,3.35951364305284,23.354087551766
"4","Bednar",116,0.37820892267757,0.410665942562951,111,1.9721871631013,25.3262747148673
"4","Bednar",123,0.35492257475853,0.37820892267757,116,2.56596024102635,27.8922349558936
"4","Control",1,0.091711454432119,0.091711454432119,0,0.091711454432119,0.091711454432119
"4","Control",6,0.088820882706028,0.091711454432119,1,0.451330842845368,0.543042297277487
"4","Control",16,0.0819042469515945,0.088820882706028,6,0.853625648288113,1.3966679455656
"4","Control",23,0.0872624651952223,0.0819042469515945,16,0.592083492513859,1.98875143807946
"4","Control",26,0.0777786776536342,0.0872624651952223,23,0.247561714273285,2.23631315235274
"4","Control",31,0.0903121541169557,0.0777786776536342,26,0.420227079426475,2.65654023177922
"4","Control",43,0.106318676787795,0.0903121541169557,31,1.17978498542851,3.83632521720772
"4","Control",61,0.144223844463175,0.106318676787795,43,2.25488269125873,6.09120790846646
"4","Control",63,0.166586292625377,0.144223844463175,61,0.310810137088552,6.40201804555501
"4","Control",71,0.174162050991347,0.166586292625377,63,1.3629933744669,7.76501142002191
"4","Control",76,0.195008134187171,0.174162050991347,71,0.922925462946296,8.6879368829682
"4","Control",81,0.217247222747767,0.195008134187171,76,1.03063839233734,9.71857527530555
"4","Control",91,0.260477357064233,0.217247222747767,81,2.38862289906,12.1071981743655
"4","Control",96,0.274307509263357,0.260477357064233,91,1.33696216581897,13.4441603401845
"4","Control",103,0.315770034537171,0.274307509263357,96,2.06527140330185,15.5094317434864
"4","Control",111,0.336502121930773,0.315770034537171,103,2.60908862587177,18.1185203693581
"4","Control",116,0.320551204184691,0.336502121930773,111,1.64263331528866,19.7611536846468
"4","Control",123,0.313780723196087,0.320551204184691,116,2.22016174583272,21.9813154304795
"4","Deep_Ripping",1,0.103728169947863,0.103728169947863,0,0.103728169947863,0.103728169947863
"4","Deep_Ripping",6,0.0900389038026333,0.103728169947863,1,0.48441768437624,0.588145854324102
"4","Deep_Ripping",16,0.0798706866800785,0.0900389038026333,6,0.849547952413559,1.43769380673766
"4","Deep_Ripping",23,0.0837670631706715,0.0798706866800785,16,0.572732124477625,2.01042593121529
"4","Deep_Ripping",26,0.0831477165222168,0.0837670631706715,23,0.250372169539332,2.26079810075462
"4","Deep_Ripping",31,0.0838888630270958,0.0831477165222168,26,0.417591448873281,2.6783895496279
"4","Deep_Ripping",43,0.104327153414488,0.0838888630270958,31,1.1292960986495,3.8076856482774
"4","Deep_Ripping",61,0.134115365892649,0.104327153414488,43,2.14598267376423,5.95366832204163
"4","Deep_Ripping",63,0.179687178134918,0.134115365892649,61,0.313802544027567,6.2674708660692
"4","Deep_Ripping",71,0.157525996118784,0.179687178134918,63,1.34885269701481,7.61632356308401
"4","Deep_Ripping",76,0.179664593935013,0.157525996118784,71,0.842976475134492,8.4593000382185
"4","Deep_Ripping",81,0.201547254621983,0.179664593935013,76,0.953029621392488,9.41232965961099
"4","Deep_Ripping",91,0.250027406215668,0.201547254621983,81,2.25787330418825,11.6702029637992
"4","Deep_Ripping",96,0.283899097144604,0.250027406215668,91,1.33481625840068,13.0050192221999
"4","Deep_Ripping",103,0.334603893756866,0.283899097144604,96,2.16476046815515,15.1697796903551
"4","Deep_Ripping",111,0.368827390670776,0.334603893756866,103,2.81372513771057,17.9835048280656
"4","Deep_Ripping",116,0.352045717835426,0.368827390670776,111,1.80218277126551,19.7856875993311
"4","Deep_Ripping",123,0.34012126326561,0.352045717835426,116,2.42258443385363,22.2082720331848
"4","Horsch",1,0.0953293374643244,0.0953293374643244,0,0.0953293374643244,0.0953293374643244
"4","Horsch",6,0.0846757935038928,0.0953293374643244,1,0.450012827420543,0.545342164884867
"4","Horsch",16,0.0798564927074416,0.0846757935038928,6,0.822661431056672,1.36800359594154
"4","Horsch",23,0.0846826874747359,0.0798564927074416,16,0.575887130637621,1.94389072657916
"4","Horsch",26,0.0915369489069643,0.0846826874747359,23,0.26432945457255,2.20822018115171
"4","Horsch",31,0.0881496750075242,0.0915369489069643,26,0.449216559786221,2.65743674093793
"4","Horsch",43,0.111977803809889,0.0881496750075242,31,1.20076487290448,3.85820161384241
"4","Horsch",61,0.16849308974784,0.111977803809889,43,2.52423804201956,6.38243965586198
"4","Horsch",63,0.18144557496597,0.16849308974784,61,0.34993866471381,6.73237832057579
"4","Horsch",71,0.229923669634194,0.18144557496597,63,1.64547697840066,8.37785529897645
"4","Horsch",76,0.268355084133559,0.229923669634194,71,1.24569688441938,9.62355218339583
"4","Horsch",81,0.296157504207101,0.268355084133559,76,1.41128147085165,11.0348336542475
"4","Horsch",91,0.351403231764662,0.296157504207101,81,3.23780367985882,14.2726373341063
"4","Horsch",96,0.361430570997041,0.351403231764662,91,1.78208450690426,16.0547218410106
"4","Horsch",103,0.411489537049984,0.361430570997041,96,2.70522037816459,18.7599422191751
"4","Horsch",111,0.402306616306305,0.411489537049984,103,3.25518461342516,22.0151268326003
"4","Horsch",116,0.374038057594464,0.402306616306305,111,1.94086168475192,23.9559885173522
"4","Horsch",123,0.346970293028601,0.374038057594464,116,2.52352922718073,26.4795177445329
"4","Inlcusion_Ripping",1,0.107458478957415,0.107458478957415,0,0.107458478957415,0.107458478957415
"4","Inlcusion_Ripping",6,0.0844650983810425,0.107458478957415,1,0.479808943346143,0.587267422303557
"4","Inlcusion_Ripping",16,0.0745936654508114,0.0844650983810425,6,0.795293819159269,1.38256124146283
"4","Inlcusion_Ripping",23,0.0838841572403908,0.0745936654508114,16,0.554672379419208,1.93723362088203
"4","Inlcusion_Ripping",26,0.0591693673282862,0.0838841572403908,23,0.214580286853015,2.15181390773505
"4","Inlcusion_Ripping",31,0.0823132008314133,0.0591693673282862,26,0.353706420399249,2.5055203281343
"4","Inlcusion_Ripping",43,0.1002764955163,0.0823132008314133,31,1.09553817808628,3.60105850622058
"4","Inlcusion_Ripping",61,0.120383854955435,0.1002764955163,43,1.98594315424561,5.58700166046619
"4","Inlcusion_Ripping",63,0.148919771611691,0.120383854955435,61,0.269303626567125,5.85630528703332
"4","Inlcusion_Ripping",71,0.152071180939674,0.148919771611691,63,1.20396381020546,7.06026909723878
"4","Inlcusion_Ripping",76,0.178052872419357,0.152071180939674,71,0.825310133397579,7.88557923063636
"4","Inlcusion_Ripping",81,0.227495224773884,0.178052872419357,76,1.0138702429831,8.89944947361946
"4","Inlcusion_Ripping",91,0.250800496339798,0.227495224773884,81,2.39147860556841,11.2909280791879
"4","Inlcusion_Ripping",96,0.281091812252998,0.250800496339798,91,1.32973077148199,12.6206588506699
"4","Inlcusion_Ripping",103,0.32506884932518,0.281091812252998,96,2.12156231552362,14.7422211661935
"4","Inlcusion_Ripping",111,0.352985307574272,0.32506884932518,103,2.71221662759781,17.4544377937913
"4","Inlcusion_Ripping",116,0.343628558516502,0.352985307574272,111,1.74153466522694,19.1959724590182
"4","Inlcusion_Ripping",123,0.335293439030647,0.343628558516502,116,2.37622699141502,21.5721994504333
"4","Plozza_Plough",1,0.0966280294725528,0.0966280294725528,0,0.0966280294725528,0.0966280294725528
"4","Plozza_Plough",6,0.0726391979708121,0.0966280294725528,1,0.423168068608412,0.519796098080965
"4","Plozza_Plough",16,0.0685484767533266,0.0726391979708121,6,0.705938373620694,1.22573447170166
"4","Plozza_Plough",23,0.0794612094759941,0.0685484767533266,16,0.518033901802622,1.74376837350428
"4","Plozza_Plough",26,0.0894487677858426,0.0794612094759941,23,0.253364965892755,1.99713333939704
"4","Plozza_Plough",31,0.0830112996582801,0.0894487677858426,26,0.431150168610307,2.42828350800734
"4","Plozza_Plough",43,0.101256701808709,0.0830112996582801,31,1.10560800880194,3.53389151680928
"4","Plozza_Plough",61,0.144138074838198,0.101256701808709,43,2.20855298982217,5.74244450663145
"4","Plozza_Plough",63,0.172747684785953,0.144138074838198,61,0.316885759624151,6.0593302662556
"4","Plozza_Plough",71,0.19829598069191,0.172747684785953,63,1.48417466191145,7.54350492816705
"4","Plozza_Plough",76,0.235103514332038,0.19829598069191,71,1.08349873755987,8.62700366572692
"4","Plozza_Plough",81,0.26005971718293,0.235103514332038,76,1.23790807878742,9.86491174451434
"4","Plozza_Plough",91,0.317207584014306,0.26005971718293,81,2.88633650598618,12.7512482505005
"4","Plozza_Plough",96,0.332882680571996,0.317207584014306,91,1.62522566146575,14.3764739119663
"4","Plozza_Plough",103,0.379237154355416,0.332882680571996,96,2.49241942224594,16.8688933342122
"4","Plozza_Plough",111,0.37531808591806,0.379237154355416,103,3.0182209610939,19.8871142953061
"4","Plozza_Plough",116,0.342654605324452,0.37531808591806,111,1.79493172810628,21.6820460234124
"4","Plozza_Plough",123,0.3275232143127,0.342654605324452,116,2.34562236873003,24.0276683921424
"4","Rotary_Spading",1,0.0924441053679115,0.0924441053679115,0,0.0924441053679115,0.0924441053679115
"4","Rotary_Spading",6,0.0739133899149142,0.0924441053679115,1,0.415893738207064,0.508337843574976
"4","Rotary_Spading",16,0.0676493746669669,0.0739133899149142,6,0.707813822909405,1.21615166648438
"4","Rotary_Spading",23,0.0799687124396625,0.0676493746669669,16,0.516663304873203,1.73281497135758
"4","Rotary_Spading",26,0.0264804605394602,0.0799687124396625,23,0.159673759468684,1.89248873082627
"4","Rotary_Spading",31,0.0845569909403199,0.0264804605394602,26,0.27759362869945,2.17008235952572
"4","Rotary_Spading",43,0.106336302663151,0.0845569909403199,31,1.14535976162082,3.31544212114654
"4","Rotary_Spading",61,0.157158510073235,0.106336302663151,43,2.37145331462747,5.68689543577401
"4","Rotary_Spading",63,0.186723633816368,0.157158510073235,61,0.343882143889603,6.03077757966362
"4","Rotary_Spading",71,0.229179577607858,0.186723633816368,63,1.6636128456969,7.69439042536052
"4","Rotary_Spading",76,0.276989914084736,0.229179577607858,71,1.26542372923148,8.959814154592
"4","Rotary_Spading",81,0.311365646751303,0.276989914084736,76,1.4708889020901,10.4307030566821
"4","Rotary_Spading",91,0.402660537707178,0.311365646751303,81,3.57013092229241,14.0008339789745
"4","Rotary_Spading",96,0.416223206018147,0.402660537707178,91,2.04720935931331,16.0480433382878
"4","Rotary_Spading",103,0.474873177315059,0.416223206018147,96,3.11883734166622,19.166880679954
"4","Rotary_Spading",111,0.456842041329334,0.474873177315059,103,3.72686087457757,22.8937415545316
"4","Rotary_Spading",116,0.41658365255908,0.456842041329334,111,2.18356423472103,25.0773057892526
"4","Rotary_Spading",123,0.394146912976315,0.41658365255908,116,2.83755697937388,27.9148627686265
"4","TopDown",1,0.0986405635202253,0.0986405635202253,0,0.0986405635202253,0.0986405635202253
"4","TopDown",6,0.081035521183465,0.0986405635202253,1,0.449190211759226,0.547830775279451
"4","TopDown",16,0.078716698731925,0.081035521183465,6,0.79876109957695,1.3465918748564
"4","TopDown",23,0.0763491821047422,0.078716698731925,16,0.542730582928335,1.88932245778474
"4","TopDown",26,0.0872546410238421,0.0763491821047422,23,0.245405734692876,2.13472819247761
"4","TopDown",31,0.0785663540701608,0.0872546410238421,26,0.414552487735007,2.54928068021262
"4","TopDown",43,0.0955037027597427,0.0785663540701608,31,1.04442034097942,3.59370102119204
"4","TopDown",61,0.117535821086652,0.0955037027597427,43,1.91735571461755,5.51105673580959
"4","TopDown",63,0.147584643718359,0.117535821086652,61,0.26512046480501,5.7761772006146
"4","TopDown",71,0.147134822566767,0.147584643718359,63,1.1788778651405,6.9550550657551
"4","TopDown",76,0.180206385415954,0.147134822566767,71,0.818353019956801,7.7734080857119
"4","TopDown",81,0.20055486302118,0.180206385415954,76,0.951903121092835,8.72531120680474
"4","TopDown",91,0.275821369644758,0.20055486302118,81,2.38188116332969,11.1071923701344
"4","TopDown",96,0.315211386293978,0.275821369644758,91,1.47758188984684,12.5847742599813
"4","TopDown",103,0.36886040181727,0.315211386293978,96,2.39425125838937,14.9790255183706
"4","TopDown",111,0.369460847732183,0.36886040181727,103,2.95328499819781,17.9323105165685
"4","TopDown",116,0.332534457380707,0.369460847732183,111,1.75498826278223,19.6872987793507
"4","TopDown",123,0.318233479519148,0.332534457380707,116,2.27768777914949,21.9649865585002
