"dap","treat_desc","zone_id","ratio"
-16,"Active Inclusion","1",0.0707800003389518
-11,"Active Inclusion","1",0.0771496199071407
-9,"Active Inclusion","1",0.0811495701471965
-6,"Active Inclusion","1",0.0714873981972535
4,"Active Inclusion","1",0.0401960919300715
44,"Active Inclusion","1",0.264758883913358
54,"Active Inclusion","1",0.337115601201852
64,"Active Inclusion","1",0.385206871231397
69,"Active Inclusion","1",0.405128580331802
71,"Active Inclusion","1",0.422636485099792
91,"Active Inclusion","1",0.516249392429988
94,"Active Inclusion","1",0.141861306130886
99,"Active Inclusion","1",0.189717440803846
104,"Active Inclusion","1",0.211038871606191
109,"Active Inclusion","1",0.285192144413789
111,"Active Inclusion","1",0.567211526632309
114,"Active Inclusion","1",0.434103672703107
119,"Active Inclusion","1",0.486334812641144
124,"Active Inclusion","1",0.300389661888281
129,"Active Inclusion","1",0.407552447915077
-16,"Control","1",0.0654995520801648
-11,"Control","1",0.0749315502850906
-9,"Control","1",0.0742030334861382
-6,"Control","1",0.0674870389959087
4,"Control","1",0.040277661188789
44,"Control","1",0.401634076367254
54,"Control","1",0.485985816820808
64,"Control","1",0.557090186554453
69,"Control","1",0.575142261774644
71,"Control","1",0.58280813175699
91,"Control","1",0.615385524604631
94,"Control","1",0.135269181883853
99,"Control","1",0.195963709898617
104,"Control","1",0.222009557096854
109,"Control","1",0.140350465217362
111,"Control","1",0.588861947474272
114,"Control","1",0.445901430171469
119,"Control","1",0.510676645714304
124,"Control","1",0.389950024045032
129,"Control","1",0.391818923794705
-16,"Deep Rip","1",0.0712397026293206
-11,"Deep Rip","1",0.077194431514451
-9,"Deep Rip","1",0.0793045899181655
-6,"Deep Rip","1",0.0720727915565173
4,"Deep Rip","1",0.0400497157013778
44,"Deep Rip","1",0.332451622594487
54,"Deep Rip","1",0.404354065656662
64,"Deep Rip","1",0.465960587515975
69,"Deep Rip","1",0.487755754680345
71,"Deep Rip","1",0.50649023959131
91,"Deep Rip","1",0.57452223517678
94,"Deep Rip","1",0.141551433187543
99,"Deep Rip","1",0.191396541216157
104,"Deep Rip","1",0.209120046460267
109,"Deep Rip","1",0.233866164178559
111,"Deep Rip","1",0.591492512009361
114,"Deep Rip","1",0.442482033462235
119,"Deep Rip","1",0.501299580841353
124,"Deep Rip","1",0.309274604826263
129,"Deep Rip","1",0.402433583230683
-16,"Kuhn Performer","1",0.0675679701380432
-11,"Kuhn Performer","1",0.0742411022074521
-9,"Kuhn Performer","1",0.0748791233636439
-6,"Kuhn Performer","1",0.0686147520318627
4,"Kuhn Performer","1",0.0438315833453089
44,"Kuhn Performer","1",0.429698592051864
54,"Kuhn Performer","1",0.507915083318949
64,"Kuhn Performer","1",0.572226740419865
69,"Kuhn Performer","1",0.585021700710058
71,"Kuhn Performer","1",0.592042468488216
91,"Kuhn Performer","1",0.618315298110247
94,"Kuhn Performer","1",0.128537241835147
99,"Kuhn Performer","1",0.195248756557703
104,"Kuhn Performer","1",0.231847286224365
109,"Kuhn Performer","1",0.114855964202434
111,"Kuhn Performer","1",0.567180665209889
114,"Kuhn Performer","1",0.43644361756742
119,"Kuhn Performer","1",0.513011932373047
124,"Kuhn Performer","1",0.465519031509757
129,"Kuhn Performer","1",0.388400062918663
-16,"Passive Inclusion","1",0.0719835074110465
-11,"Passive Inclusion","1",0.0753583271395076
-9,"Passive Inclusion","1",0.0762102068825202
-6,"Passive Inclusion","1",0.0708682550625368
4,"Passive Inclusion","1",0.0436610420319167
44,"Passive Inclusion","1",0.444474458694458
54,"Passive Inclusion","1",0.509855419397354
64,"Passive Inclusion","1",0.56844687461853
69,"Passive Inclusion","1",0.581096762960607
71,"Passive Inclusion","1",0.588119593533603
91,"Passive Inclusion","1",0.618371221152219
94,"Passive Inclusion","1",0.134534512053836
99,"Passive Inclusion","1",0.189926583658565
104,"Passive Inclusion","1",0.230732236396183
109,"Passive Inclusion","1",0.111048053611409
111,"Passive Inclusion","1",0.45342298800295
114,"Passive Inclusion","1",0.424680552699349
119,"Passive Inclusion","1",0.516109515320171
124,"Passive Inclusion","1",0.581436097621918
129,"Passive Inclusion","1",0.399786288088018
-16,"Active Inclusion","2",0.0696059534032094
-11,"Active Inclusion","2",0.0745989545983703
-9,"Active Inclusion","2",0.0766649898141623
-6,"Active Inclusion","2",0.0689700814944349
4,"Active Inclusion","2",0.0429873075336218
44,"Active Inclusion","2",0.342815146634453
54,"Active Inclusion","2",0.432102292776108
64,"Active Inclusion","2",0.507730167555182
69,"Active Inclusion","2",0.537051539279913
71,"Active Inclusion","2",0.548789947832886
91,"Active Inclusion","2",0.609663644119313
94,"Active Inclusion","2",0.194393320303214
99,"Active Inclusion","2",0.164234850653692
104,"Active Inclusion","2",0.353218026655285
109,"Active Inclusion","2",0.399110381148363
111,"Active Inclusion","2",0.467322778152792
114,"Active Inclusion","2",0.503990573710517
119,"Active Inclusion","2",0.506843774726516
124,"Active Inclusion","2",0.540931249527555
129,"Active Inclusion","2",0.37195775775533
-16,"Control","2",0.0672611888717203
-11,"Control","2",0.0756478029138902
-9,"Control","2",0.0741213091594331
-6,"Control","2",0.0677496593226405
4,"Control","2",0.0431022204677848
44,"Control","2",0.385807464227957
54,"Control","2",0.467495299437467
64,"Control","2",0.539352130714585
69,"Control","2",0.561783671379089
71,"Control","2",0.568784498291857
91,"Control","2",0.605111092329025
94,"Control","2",0.184934885011
99,"Control","2",0.178879685875247
104,"Control","2",0.3637935250121
109,"Control","2",0.373418913168066
111,"Control","2",0.446297430290895
114,"Control","2",0.499178394324639
119,"Control","2",0.495269402686287
124,"Control","2",0.533859590397162
129,"Control","2",0.363730823818375
-16,"Deep Rip","2",0.0700418857410986
-11,"Deep Rip","2",0.076915425428173
-9,"Deep Rip","2",0.077224106380814
-6,"Deep Rip","2",0.0705704518446797
4,"Deep Rip","2",0.042452823697475
44,"Deep Rip","2",0.349240328136243
54,"Deep Rip","2",0.430962841413174
64,"Deep Rip","2",0.503822253287187
69,"Deep Rip","2",0.531421102452696
71,"Deep Rip","2",0.543120694090748
91,"Deep Rip","2",0.600621695058388
94,"Deep Rip","2",0.18582754534239
99,"Deep Rip","2",0.177913092033208
104,"Deep Rip","2",0.351594178561579
109,"Deep Rip","2",0.392089318723706
111,"Deep Rip","2",0.471106652627911
114,"Deep Rip","2",0.498151328480035
119,"Deep Rip","2",0.501467234732812
124,"Deep Rip","2",0.541699006543522
129,"Deep Rip","2",0.373198475579769
-16,"Kuhn Performer","2",0.0708859705870661
-11,"Kuhn Performer","2",0.0753411217980708
-9,"Kuhn Performer","2",0.0783030890161172
-6,"Kuhn Performer","2",0.0707664913885916
4,"Kuhn Performer","2",0.043253652654433
44,"Kuhn Performer","2",0.289305312636619
54,"Kuhn Performer","2",0.368063186838602
64,"Kuhn Performer","2",0.439119777952631
69,"Kuhn Performer","2",0.475691870475809
71,"Kuhn Performer","2",0.493607283569872
91,"Kuhn Performer","2",0.584998249386748
94,"Kuhn Performer","2",0.183203672951398
99,"Kuhn Performer","2",0.172606581744427
104,"Kuhn Performer","2",0.372546727536246
109,"Kuhn Performer","2",0.326683775948671
111,"Kuhn Performer","2",0.424808446473132
114,"Kuhn Performer","2",0.510428255113463
119,"Kuhn Performer","2",0.506982773542404
124,"Kuhn Performer","2",0.560933508289357
129,"Kuhn Performer","2",0.387829398115476
-16,"Passive Inclusion","2",0.0699810264578887
-11,"Passive Inclusion","2",0.0747526028752327
-9,"Passive Inclusion","2",0.0759628845112664
-6,"Passive Inclusion","2",0.0695911529234477
4,"Passive Inclusion","2",0.0419404272947993
44,"Passive Inclusion","2",0.276182237437793
54,"Passive Inclusion","2",0.362008672782353
64,"Passive Inclusion","2",0.437817520754678
69,"Passive Inclusion","2",0.476527193103518
71,"Passive Inclusion","2",0.495544213908059
91,"Passive Inclusion","2",0.58780325787408
94,"Passive Inclusion","2",0.179138573408127
99,"Passive Inclusion","2",0.166143659864153
104,"Passive Inclusion","2",0.380145515203476
109,"Passive Inclusion","2",0.276213802908148
111,"Passive Inclusion","2",0.401541775124414
114,"Passive Inclusion","2",0.51256518295833
119,"Passive Inclusion","2",0.509971359627587
124,"Passive Inclusion","2",0.564895940167563
129,"Passive Inclusion","2",0.393198233331953
-16,"Active Inclusion","3",0.0779692284348938
-11,"Active Inclusion","3",0.0838788509782818
-9,"Active Inclusion","3",0.0851626468615399
-6,"Active Inclusion","3",0.077983767622047
4,"Active Inclusion","3",0.0468665303455459
44,"Active Inclusion","3",0.359869863424036
54,"Active Inclusion","3",0.43431101904975
64,"Active Inclusion","3",0.500511221587658
69,"Active Inclusion","3",0.527030710544851
71,"Active Inclusion","3",0.538695577118132
91,"Active Inclusion","3",0.594565060403612
94,"Active Inclusion","3",0.148300637387567
99,"Active Inclusion","3",0.217495140102175
104,"Active Inclusion","3",0.315556259618865
109,"Active Inclusion","3",0.364399619814422
111,"Active Inclusion","3",0.495752501818869
114,"Active Inclusion","3",0.471561243136724
119,"Active Inclusion","3",0.49798347055912
124,"Active Inclusion","3",0.557867017057207
129,"Active Inclusion","3",0.392440340585179
-16,"Control","3",0.0720955625664992
-11,"Control","3",0.083258324592817
-9,"Control","3",0.0791598406971478
-6,"Control","3",0.0710479349020075
4,"Control","3",0.0434278703493173
44,"Control","3",0.367431510667332
54,"Control","3",0.446792958701243
64,"Control","3",0.520217882805183
69,"Control","3",0.54632559369822
71,"Control","3",0.554517975596131
91,"Control","3",0.600616739421594
94,"Control","3",0.189496105078791
99,"Control","3",0.190195497919302
104,"Control","3",0.349377501694883
109,"Control","3",0.415376370803255
111,"Control","3",0.460048550953631
114,"Control","3",0.523167887183486
119,"Control","3",0.490388411478918
124,"Control","3",0.553753355487448
129,"Control","3",0.396000686239024
-16,"Deep Rip","3",0.07621504280759
-11,"Deep Rip","3",0.0846147890063538
-9,"Deep Rip","3",0.0830750760847125
-6,"Deep Rip","3",0.0750021939219414
4,"Deep Rip","3",0.0445141352970025
44,"Deep Rip","3",0.383275065613889
54,"Deep Rip","3",0.456099922287053
64,"Deep Rip","3",0.521816212898013
69,"Deep Rip","3",0.546532117429821
71,"Deep Rip","3",0.556472227491182
91,"Deep Rip","3",0.600261101092415
94,"Deep Rip","3",0.153730604326588
99,"Deep Rip","3",0.216068281867038
104,"Deep Rip","3",0.301341402633437
109,"Deep Rip","3",0.374087395510454
111,"Deep Rip","3",0.489696318733281
114,"Deep Rip","3",0.466906934976578
119,"Deep Rip","3",0.491589231052618
124,"Deep Rip","3",0.547759099253293
129,"Deep Rip","3",0.377181684833834
-16,"Kuhn Performer","3",0.0770575208450431
-11,"Kuhn Performer","3",0.0828765064700326
-9,"Kuhn Performer","3",0.0849549971632103
-6,"Kuhn Performer","3",0.0763135418963077
4,"Kuhn Performer","3",0.0442538893044885
44,"Kuhn Performer","3",0.351107521288431
54,"Kuhn Performer","3",0.428883684660072
64,"Kuhn Performer","3",0.499536731794699
69,"Kuhn Performer","3",0.529265111951686
71,"Kuhn Performer","3",0.54038539706771
91,"Kuhn Performer","3",0.601988451694375
94,"Kuhn Performer","3",0.18153303283364
99,"Kuhn Performer","3",0.186868273944997
104,"Kuhn Performer","3",0.34772902682646
109,"Kuhn Performer","3",0.37610433595394
111,"Kuhn Performer","3",0.426420422187492
114,"Kuhn Performer","3",0.51241941149555
119,"Kuhn Performer","3",0.494106998194509
124,"Kuhn Performer","3",0.54403365370053
129,"Kuhn Performer","3",0.376793627418689
-16,"Passive Inclusion","3",0.0743408114198715
-11,"Passive Inclusion","3",0.0802801579477325
-9,"Passive Inclusion","3",0.080555010226465
-6,"Passive Inclusion","3",0.0736264769108065
4,"Passive Inclusion","3",0.0429984558253519
44,"Passive Inclusion","3",0.350435413660542
54,"Passive Inclusion","3",0.432230313939433
64,"Passive Inclusion","3",0.506302527842983
69,"Passive Inclusion","3",0.533812073930617
71,"Passive Inclusion","3",0.543759732477127
91,"Passive Inclusion","3",0.598300974215231
94,"Passive Inclusion","3",0.176867485046387
99,"Passive Inclusion","3",0.197338167938494
104,"Passive Inclusion","3",0.361714844261446
109,"Passive Inclusion","3",0.369098793354727
111,"Passive Inclusion","3",0.40789528815977
114,"Passive Inclusion","3",0.493750231400613
119,"Passive Inclusion","3",0.483956221130586
124,"Passive Inclusion","3",0.524972402280377
129,"Passive Inclusion","3",0.359086858168725
-16,"Active Inclusion","4",0.0716591678079097
-11,"Active Inclusion","4",0.0771644490380441
-9,"Active Inclusion","4",0.0783608818967496
-6,"Active Inclusion","4",0.0711116225969407
4,"Active Inclusion","4",0.043585053855373
44,"Active Inclusion","4",0.359490155693023
54,"Active Inclusion","4",0.44645928807797
64,"Active Inclusion","4",0.522096695438508
69,"Active Inclusion","4",0.55008450727309
71,"Active Inclusion","4",0.559895823078771
91,"Active Inclusion","4",0.612277634682194
94,"Active Inclusion","4",0.189703951319379
99,"Active Inclusion","4",0.183825980391233
104,"Active Inclusion","4",0.335618106828582
109,"Active Inclusion","4",0.41558195362168
111,"Active Inclusion","4",0.493456473754298
114,"Active Inclusion","4",0.504925489425659
119,"Active Inclusion","4",0.50386496032438
124,"Active Inclusion","4",0.551228540558969
129,"Active Inclusion","4",0.373765503206561
-16,"Control","4",0.0695063629886135
-11,"Control","4",0.0796950262505561
-9,"Control","4",0.0769265393726528
-6,"Control","4",0.070360878482461
4,"Control","4",0.0434796979650855
44,"Control","4",0.392271905764937
54,"Control","4",0.470054518431425
64,"Control","4",0.538216808624566
69,"Control","4",0.561082032509148
71,"Control","4",0.567634217813611
91,"Control","4",0.605288976803422
94,"Control","4",0.161702627735212
99,"Control","4",0.200503043830395
104,"Control","4",0.309916280955076
109,"Control","4",0.361682172678411
111,"Control","4",0.460009517893195
114,"Control","4",0.452925272285938
119,"Control","4",0.492856119200587
124,"Control","4",0.544172701612115
129,"Control","4",0.368175172619522
-16,"Deep Rip","4",0.0733712829351425
-11,"Deep Rip","4",0.0808102905154228
-9,"Deep Rip","4",0.0802486739754677
-6,"Deep Rip","4",0.0729939518272877
4,"Deep Rip","4",0.0442581971287727
44,"Deep Rip","4",0.375879003286362
54,"Deep Rip","4",0.455087089538574
64,"Deep Rip","4",0.525631836414337
69,"Deep Rip","4",0.551342465639114
71,"Deep Rip","4",0.558301392316818
91,"Deep Rip","4",0.605410844802856
94,"Deep Rip","4",0.184418685138226
99,"Deep Rip","4",0.18269679826498
104,"Deep Rip","4",0.345164859652519
109,"Deep Rip","4",0.401845842242241
111,"Deep Rip","4",0.435828711509705
114,"Deep Rip","4",0.492808236122131
119,"Deep Rip","4",0.487160334348679
124,"Deep Rip","4",0.528486004829407
129,"Deep Rip","4",0.354931023359299
-16,"Kuhn Performer","4",0.0729771851428918
-11,"Kuhn Performer","4",0.0799069441854954
-9,"Kuhn Performer","4",0.080806230115039
-6,"Kuhn Performer","4",0.0731796259326594
4,"Kuhn Performer","4",0.0443750033421176
44,"Kuhn Performer","4",0.408214000399624
54,"Kuhn Performer","4",0.470547047683171
64,"Kuhn Performer","4",0.528996317727225
69,"Kuhn Performer","4",0.550566147267818
71,"Kuhn Performer","4",0.557818194798061
91,"Kuhn Performer","4",0.599548777937889
94,"Kuhn Performer","4",0.152246896550059
99,"Kuhn Performer","4",0.215891199878284
104,"Kuhn Performer","4",0.305195691968713
109,"Kuhn Performer","4",0.353296405928475
111,"Kuhn Performer","4",0.485266546692167
114,"Kuhn Performer","4",0.446022419205734
119,"Kuhn Performer","4",0.491588333249092
124,"Kuhn Performer","4",0.536690929532051
129,"Kuhn Performer","4",0.362661290381636
-16,"Passive Inclusion","4",0.0735065236872768
-11,"Passive Inclusion","4",0.0790889650027944
-9,"Passive Inclusion","4",0.0799174304611935
-6,"Passive Inclusion","4",0.0719377123606131
4,"Passive Inclusion","4",0.043975879339883
44,"Passive Inclusion","4",0.379473909458018
54,"Passive Inclusion","4",0.456080648654736
64,"Passive Inclusion","4",0.52436914595758
69,"Passive Inclusion","4",0.550148940789774
71,"Passive Inclusion","4",0.559847931684174
91,"Passive Inclusion","4",0.604078030364114
94,"Passive Inclusion","4",0.159582642016944
99,"Passive Inclusion","4",0.213299770255267
104,"Passive Inclusion","4",0.317220150961639
109,"Passive Inclusion","4",0.348368829821948
111,"Passive Inclusion","4",0.470934168522402
114,"Passive Inclusion","4",0.458314881561706
119,"Passive Inclusion","4",0.498463049623537
124,"Passive Inclusion","4",0.542365435487735
129,"Passive Inclusion","4",0.366829553005858
