"treat_desc","dap","ratio","ratio_lag","dap_lag","seg_area","cum_ratio"
"Control",3,0.053770211734809,0.053770211734809,0,0.161310635204427,0.161310635204427
"Control",6,0.0720637400401756,0.053770211734809,3,0.188750927662477,0.350061562866904
"Control",11,0.0728715469012968,0.0720637400401756,6,0.362338217353681,0.712399780220585
"Control",16,0.0622254120065236,0.0728715469012968,11,0.337742397269551,1.05014217749014
"Control",21,0.0799766195996199,0.0622254120065236,16,0.355505079015359,1.40564725650549
"Control",23,0.0962741630675737,0.0799766195996199,21,0.176250782667194,1.58189803917269
"Control",26,0.0980387809802778,0.0962741630675737,23,0.291469416071777,1.87336745524447
"Control",31,0.0878572295128834,0.0980387809802778,26,0.464740026232903,2.33810748147737
"Control",41,0.0929335668799467,0.0878572295128834,31,0.90395398196415,3.24206146344152
"Control",51,0.150337959325407,0.0929335668799467,41,1.21635763102677,4.45841909446829
"Control",56,0.160877857962623,0.150337959325407,51,0.778039543220075,5.23645863768836
"Control",61,0.18710217588814,0.160877857962623,56,0.869950084626908,6.10640872231527
"Control",63,0.157089277985506,0.18710217588814,61,0.344191453873646,6.45060017618891
"Control",66,0.210127871076111,0.157089277985506,63,0.550825723592425,7.00142589978134
"Control",71,0.216054675204214,0.210127871076111,66,1.06545636570081,8.06688226548215
"Control",76,0.266131314379163,0.216054675204214,71,1.20546497395844,9.27234723944059
"Control",81,0.305497817823198,0.266131314379163,76,1.4290728305059,10.7014200699465
"Control",83,0.305315861303825,0.305497817823198,81,0.610813679127023,11.3122337490735
"Control",91,0.343915408791509,0.305315861303825,83,2.59692508038133,13.9091588294548
"Control",96,0.376889963075519,0.343915408791509,91,1.80201342966757,15.7111722591224
"Control",101,0.335872128990013,0.376889963075519,96,1.78190523016383,17.4930774892862
"Control",111,0.450299410906155,0.335872128990013,101,3.93085769948084,21.4239351887671
"Control",121,0.461870752519462,0.450299410906155,111,4.56085081712808,25.9847860058952
"Control",126,0.211756659438834,0.461870752519462,121,1.68406852989574,27.6688545357909
"Control",136,0.505335394199938,0.211756659438834,126,3.58546026819386,31.2543148039848
"Control",141,0.401856197262532,0.505335394199938,136,2.26797897865617,33.5222937826409
"Control",143,0.165449539292604,0.401856197262532,141,0.567305736555136,34.0895995191961
"Control",146,0.383821695391089,0.165449539292604,143,0.823906852025539,34.9135063712216
"Control",151,0.479360376740806,0.383821695391089,146,2.15795518032974,37.0714615515514
"Control",156,0.460695050610229,0.479360376740806,151,2.35013856837759,39.4216001199289
"Control (+Lime)",3,0.0541542009178859,0.0541542009178859,0,0.162462602753658,0.162462602753658
"Control (+Lime)",6,0.0703504172464212,0.0541542009178859,3,0.186756927246461,0.349219530000119
"Control (+Lime)",11,0.0731090805105244,0.0703504172464212,6,0.358648744392364,0.707868274392482
"Control (+Lime)",16,0.0613630564868799,0.0731090805105244,11,0.336180342493511,1.04404861688599
"Control (+Lime)",21,0.0799703462670247,0.0613630564868799,16,0.353333506884762,1.39738212377075
"Control (+Lime)",23,0.0963245481640721,0.0799703462670247,21,0.176294894431097,1.57367701820185
"Control (+Lime)",26,0.0976875384726251,0.0963245481640721,23,0.291018129955046,1.8646951481569
"Control (+Lime)",31,0.089435289404355,0.0976875384726251,26,0.46780706969245,2.33250221784935
"Control (+Lime)",41,0.093528469116427,0.089435289404355,31,0.91481879260391,3.24732101045326
"Control (+Lime)",51,0.156030081833402,0.093528469116427,41,1.24779275474915,4.4951137652024
"Control (+Lime)",56,0.165345132087047,0.156030081833402,51,0.803438034801123,5.29855180000353
"Control (+Lime)",61,0.190598288737237,0.165345132087047,56,0.889858552060711,6.18841035206424
"Control (+Lime)",63,0.156540114261831,0.190598288737237,61,0.347138402999068,6.53554875506331
"Control (+Lime)",66,0.211748494130249,0.156540114261831,63,0.55243291258812,7.08798166765143
"Control (+Lime)",71,0.216909912150974,0.211748494130249,66,1.07164601570306,8.15962768335448
"Control (+Lime)",76,0.264354149717838,0.216909912150974,71,1.20316015467203,9.36278783802651
"Control (+Lime)",81,0.302178005020445,0.264354149717838,76,1.41633038684571,10.7791182248722
"Control (+Lime)",83,0.301011688572665,0.302178005020445,81,0.60318969359311,11.3823079184653
"Control (+Lime)",91,0.338797368419667,0.301011688572665,83,2.55923622796933,13.9415441464347
"Control (+Lime)",96,0.369968762947246,0.338797368419667,91,1.77191532841728,15.7134594748519
"Control (+Lime)",101,0.329975249913211,0.369968762947246,96,1.74986003215114,17.4633195070031
"Control (+Lime)",111,0.442105710910012,0.329975249913211,101,3.86040480411611,21.3237243111192
"Control (+Lime)",121,0.458590282437702,0.442105710910012,111,4.50347996673857,25.8272042778578
"Control (+Lime)",126,0.207375394211461,0.458590282437702,121,1.66491419162291,27.4921184694807
"Control (+Lime)",136,0.503907144783686,0.207375394211461,126,3.55641269497573,31.0485311644564
"Control (+Lime)",141,0.405427155426393,0.503907144783686,136,2.2733357505252,33.3218669149816
"Control (+Lime)",143,0.163589725084603,0.405427155426393,141,0.569016880510996,33.8908837954926
"Control (+Lime)",146,0.388471672063073,0.163589725084603,143,0.828092095721513,34.7189758912141
"Control (+Lime)",151,0.481771886441857,0.388471672063073,146,2.17560889626232,36.8945847874764
"Control (+Lime)",156,0.46254251456509,0.481771886441857,151,2.36078600251737,39.2553707899938
"Horsch",3,0.0565173229005951,0.0565173229005951,0,0.169551968701785,0.169551968701785
"Horsch",6,0.0726383662479881,0.0565173229005951,3,0.193733533722875,0.36328550242466
"Horsch",11,0.0727647018636235,0.0726383662479881,6,0.363507670279029,0.726793172703689
"Horsch",16,0.0644228212383174,0.0727647018636235,11,0.342968807754852,1.06976198045854
"Horsch",21,0.0799804343909457,0.0644228212383174,16,0.361008139073158,1.4307701195317
"Horsch",23,0.0954158823189035,0.0799804343909457,21,0.175396316709849,1.60616643624155
"Horsch",26,0.0952667721988745,0.0954158823189035,23,0.286023981776667,1.89219041801822
"Horsch",31,0.0845921607398839,0.0952667721988745,26,0.449647332346896,2.34183775036511
"Horsch",41,0.087613189550537,0.0845921607398839,31,0.861026751452104,3.20286450181722
"Horsch",51,0.138305739678952,0.087613189550537,41,1.12959464614744,4.33245914796466
"Horsch",56,0.150125222716396,0.138305739678952,51,0.721077405988368,5.05353655395303
"Horsch",61,0.173369575530969,0.150125222716396,56,0.808736995618412,5.86227354957144
"Horsch",63,0.153842562057587,0.173369575530969,61,0.327212137588556,6.18948568716
"Horsch",66,0.1955376994906,0.153842562057587,63,0.524070392322281,6.71355607948228
"Horsch",71,0.204378925279307,0.1955376994906,66,0.999791561924769,7.71334764140705
"Horsch",76,0.255382580154307,0.204378925279307,71,1.14940376358404,8.86275140499108
"Horsch",81,0.301047909750331,0.255382580154307,76,1.3910762247616,10.2538276297527
"Horsch",83,0.304078375577433,0.301047909750331,81,0.605126285327764,10.8589539150804
"Horsch",91,0.350806574844302,0.304078375577433,83,2.61953980168694,13.4784937167674
"Horsch",96,0.39157520678843,0.350806574844302,91,1.85595445408183,15.3344481708492
"Horsch",101,0.358373523174976,0.39157520678843,96,1.87487182490852,17.2093199957577
"Horsch",111,0.494628258095765,0.358373523174976,101,4.2650089063537,21.4743289021114
"Horsch",121,0.497444792810681,0.494628258095765,111,4.96036525453223,26.4346941566437
"Horsch",126,0.223004182087215,0.497444792810681,121,1.80112243724474,28.2358165938884
"Horsch",136,0.547395087176969,0.223004182087215,126,3.85199634632092,32.0878129402093
"Horsch",141,0.422585712178894,0.547395087176969,136,2.42495199838966,34.512764938599
"Horsch",143,0.165946440080925,0.422585712178894,141,0.588532152259819,35.1012970908588
"Horsch",146,0.395934352840202,0.165946440080925,143,0.842821189381691,35.9441182802405
"Horsch",151,0.50632594232727,0.395934352840202,146,2.25565073791868,38.1997690181592
"Horsch",156,0.485174110957554,0.50632594232727,151,2.47875013321206,40.6785191513712
"Rip",3,0.056416883278871,0.056416883278871,0,0.169250649836613,0.169250649836613
"Rip",6,0.072603682387853,0.056416883278871,3,0.193530848500086,0.362781498336699
"Rip",11,0.0741940700216219,0.072603682387853,6,0.366994381023687,0.729775879360386
"Rip",16,0.0634932007696307,0.0741940700216219,11,0.344218176978131,1.07399405633852
"Rip",21,0.0808169099909719,0.0634932007696307,16,0.360775276901506,1.43476933324002
"Rip",23,0.0969306291779503,0.0808169099909719,21,0.177747539168922,1.61251687240895
"Rip",26,0.0952242798652151,0.0969306291779503,23,0.288232363564748,1.90074923597369
"Rip",31,0.0890754425781779,0.0952242798652151,26,0.460749306108482,2.36149854208218
"Rip",41,0.0896614282450173,0.0890754425781779,31,0.893684354115976,3.25518289619815
"Rip",51,0.145412081503309,0.0896614282450173,41,1.17536754874163,4.43055044493979
"Rip",56,0.153867867938243,0.145412081503309,51,0.74819987360388,5.17875031854367
"Rip",61,0.174401748320088,0.153867867938243,56,0.820674040645827,5.99942435918949
"Rip",63,0.144105080841109,0.174401748320088,61,0.318506829161197,6.31793118835069
"Rip",66,0.193653980677482,0.144105080841109,63,0.506638592277886,6.82456978062858
"Rip",71,0.19786669126479,0.193653980677482,66,0.978801679855678,7.80337146048425
"Rip",76,0.241669745976105,0.19786669126479,71,1.09884109310224,8.90221255358649
"Rip",81,0.278611249593087,0.241669745976105,76,1.30070248892298,10.2029150425095
"Rip",83,0.279371816734783,0.278611249593087,81,0.55798306632787,10.7608981088373
"Rip",91,0.317204997129738,0.279371816734783,83,2.38630725545809,13.1472053642954
"Rip",96,0.351186972344294,0.317204997129738,91,1.67097992368508,14.8181852879805
"Rip",101,0.31686988385627,0.351186972344294,96,1.67014214050141,16.4883274284819
"Rip",111,0.433377790893428,0.31686988385627,101,3.75123837374849,20.2395658022304
"Rip",121,0.455289804330096,0.433377790893428,111,4.44333797611762,24.682903778348
"Rip",126,0.204302484588698,0.455289804330096,121,1.64898072229698,26.331884500645
"Rip",136,0.506928295758553,0.204302484588698,126,3.55615390173625,29.8880384023813
"Rip",141,0.408275866419717,0.506928295758553,136,2.28801040544568,32.1760488078269
"Rip",143,0.161016590404324,0.408275866419717,141,0.569292456824041,32.745341264651
"Rip",146,0.394953426951543,0.161016590404324,143,0.8339550260338,33.5792962906848
"Rip",151,0.483385610161349,0.394953426951543,146,2.19584759278223,35.775143883467
"Rip",156,0.466869619861245,0.483385610161349,151,2.37563807505649,38.1507819585235
"Rip (+Lime)",3,0.0568530774132038,0.0568530774132038,0,0.170559232239611,0.170559232239611
"Rip (+Lime)",6,0.0719359912521516,0.0568530774132038,3,0.193183602998033,0.363742835237645
"Rip (+Lime)",11,0.0728160422838603,0.0719359912521516,6,0.36188008384003,0.725622919077675
"Rip (+Lime)",16,0.065642715808887,0.0728160422838603,11,0.346146895231868,1.07176981430954
"Rip (+Lime)",21,0.0800287953733156,0.065642715808887,16,0.364178777955506,1.43594859226505
"Rip (+Lime)",23,0.0963588149907688,0.0800287953733156,21,0.176387610364084,1.61233620262913
"Rip (+Lime)",26,0.0924960991173672,0.0963588149907688,23,0.283282371162204,1.89561857379134
"Rip (+Lime)",31,0.0890926457941532,0.0924960991173672,26,0.453971862278801,2.34959043607014
"Rip (+Lime)",41,0.0905955606140196,0.0890926457941532,31,0.898441032040864,3.248031468111
"Rip (+Lime)",51,0.139186693665882,0.0905955606140196,41,1.14891127139951,4.39694273951051
"Rip (+Lime)",56,0.147668594649682,0.139186693665882,51,0.717138220788911,5.11408096029942
"Rip (+Lime)",61,0.165451487510776,0.147668594649682,56,0.782800205401145,5.89688116570057
"Rip (+Lime)",63,0.140911265353983,0.165451487510776,61,0.306362752864758,6.20324391856532
"Rip (+Lime)",66,0.184590770723298,0.140911265353983,63,0.488253054115921,6.69149697268125
"Rip (+Lime)",71,0.187799289481093,0.184590770723298,66,0.930975150510979,7.62247212319223
"Rip (+Lime)",76,0.230183345125988,0.187799289481093,71,1.0449565865177,8.66742870970993
"Rip (+Lime)",81,0.265300160320476,0.230183345125988,76,1.23870876361616,9.90613747332609
"Rip (+Lime)",83,0.26871074916174,0.265300160320476,81,0.534010909482216,10.4401483828083
"Rip (+Lime)",91,0.304359152540565,0.26871074916174,83,2.29227960680922,12.7324279896175
"Rip (+Lime)",96,0.34046618072316,0.304359152540565,91,1.61206333315931,14.3444913227768
"Rip (+Lime)",101,0.308727013909568,0.34046618072316,96,1.62298298658182,15.9674743093587
"Rip (+Lime)",111,0.425216031260788,0.308727013909568,101,3.66971522585178,19.6371895352104
"Rip (+Lime)",121,0.452932643269499,0.425216031260788,111,4.39074337265144,24.0279329078619
"Rip (+Lime)",126,0.199862392153591,0.452932643269499,121,1.63198758855773,25.6599204964196
"Rip (+Lime)",136,0.508507020864636,0.199862392153591,126,3.54184706509113,29.2017675615107
"Rip (+Lime)",141,0.406134657678194,0.508507020864636,136,2.28660419635708,31.4883717578678
"Rip (+Lime)",143,0.157549238794794,0.406134657678194,141,0.563683896472988,32.0520556543408
"Rip (+Lime)",146,0.398821705020964,0.157549238794794,143,0.834556415723637,32.8866120700644
"Rip (+Lime)",151,0.486310801655054,0.398821705020964,146,2.21283126669005,35.0994433367545
"Rip (+Lime)",156,0.469937147665769,0.486310801655054,151,2.39061987330206,37.4900632100565
"Rip + Mix (+Lime) + FUTURE",3,0.0571074019186199,0.0571074019186199,0,0.17132220575586,0.17132220575586
"Rip + Mix (+Lime) + FUTURE",6,0.0749250355331848,0.0571074019186199,3,0.198048656177707,0.369370861933567
"Rip + Mix (+Lime) + FUTURE",11,0.0739187448751181,0.0749250355331848,6,0.372109451020757,0.741480312954324
"Rip + Mix (+Lime) + FUTURE",16,0.0604857879447081,0.0739187448751181,11,0.336011332049566,1.07749164500389
"Rip + Mix (+Lime) + FUTURE",21,0.0805769744329154,0.0604857879447081,16,0.352656905944059,1.43014855094795
"Rip + Mix (+Lime) + FUTURE",23,0.0947428117583816,0.0805769744329154,21,0.175319786191297,1.60546833713925
"Rip + Mix (+Lime) + FUTURE",26,0.0933738300111145,0.0947428117583816,23,0.282174962654244,1.88764329979349
"Rip + Mix (+Lime) + FUTURE",31,0.0835503900578866,0.0933738300111145,26,0.442310550172503,2.32995384996599
"Rip + Mix (+Lime) + FUTURE",41,0.0797207498146842,0.0835503900578866,31,0.816355699362854,3.14630954932885
"Rip + Mix (+Lime) + FUTURE",51,0.131541924597695,0.0797207498146842,41,1.0563133720619,4.20262292139074
"Rip + Mix (+Lime) + FUTURE",56,0.140288159359867,0.131541924597695,51,0.679575209893907,4.88219813128465
"Rip + Mix (+Lime) + FUTURE",61,0.158073968083287,0.140288159359867,56,0.745905318607887,5.62810344989254
"Rip + Mix (+Lime) + FUTURE",63,0.152630138987054,0.158073968083287,61,0.310704107070342,5.93880755696288
"Rip + Mix (+Lime) + FUTURE",66,0.178003869050493,0.152630138987054,63,0.495951012056321,6.4347585690192
"Rip + Mix (+Lime) + FUTURE",71,0.184426720331733,0.178003869050493,66,0.906076473455566,7.34083504247477
"Rip + Mix (+Lime) + FUTURE",76,0.230628057041516,0.184426720331733,71,1.03763694343312,8.37847198590789
"Rip + Mix (+Lime) + FUTURE",81,0.268711079874386,0.230628057041516,76,1.24834784228976,9.62681982819765
"Rip + Mix (+Lime) + FUTURE",83,0.272671201033518,0.268711079874386,81,0.541382280907904,10.1682021091056
"Rip + Mix (+Lime) + FUTURE",91,0.312445586717998,0.272671201033518,83,2.34046715100606,12.5086692601116
"Rip + Mix (+Lime) + FUTURE",96,0.354627692420036,0.312445586717998,91,1.66768319784508,14.1763524579567
"Rip + Mix (+Lime) + FUTURE",101,0.329646679308886,0.354627692420036,96,1.7106859293223,15.887038387279
"Rip + Mix (+Lime) + FUTURE",111,0.459813213410477,0.329646679308886,101,3.94729946359682,19.8343378508758
"Rip + Mix (+Lime) + FUTURE",121,0.438813605935623,0.459813213410477,111,4.4931340967305,24.3274719476063
"Rip + Mix (+Lime) + FUTURE",126,0.225420789700001,0.438813605935623,121,1.66058598908906,25.9880579366954
"Rip + Mix (+Lime) + FUTURE",136,0.546016686347624,0.225420789700001,126,3.85718738023813,29.8452453169335
"Rip + Mix (+Lime) + FUTURE",141,0.347259907921155,0.546016686347624,136,2.23319148567195,32.0784368026055
"Rip + Mix (+Lime) + FUTURE",143,0.173255118199935,0.347259907921155,141,0.52051502612109,32.5989518287265
"Rip + Mix (+Lime) + FUTURE",146,0.39077668186898,0.173255118199935,143,0.846047700103372,33.4449995288299
"Rip + Mix (+Lime) + FUTURE",151,0.517750513398399,0.39077668186898,146,2.27131798816845,35.7163175169984
"Rip + Mix (+Lime) + FUTURE",156,0.501092811798056,0.517750513398399,151,2.54710831299114,38.2634258299895
"Rip + Mix + FUTURE",3,0.057070404139813,0.057070404139813,0,0.171211212419439,0.171211212419439
"Rip + Mix + FUTURE",6,0.0745493479247671,0.057070404139813,3,0.19742962809687,0.368640840516309
"Rip + Mix + FUTURE",11,0.0739143421524204,0.0745493479247671,6,0.371159225192969,0.739800065709278
"Rip + Mix + FUTURE",16,0.0621996512147859,0.0739143421524204,11,0.340284983418016,1.08008504912729
"Rip + Mix + FUTURE",21,0.080536432552617,0.0621996512147859,16,0.356840209418507,1.4369252585458
"Rip + Mix + FUTURE",23,0.0957914500962943,0.080536432552617,21,0.176327882648911,1.61325314119471
"Rip + Mix + FUTURE",26,0.093224628304597,0.0957914500962943,23,0.283524117601337,1.89677725879605
"Rip + Mix + FUTURE",31,0.0822807555145118,0.093224628304597,26,0.438763459547772,2.33554071834382
"Rip + Mix + FUTURE",41,0.0799871195282321,0.0822807555145118,31,0.81133937521372,3.14688009355754
"Rip + Mix + FUTURE",51,0.131502951565199,0.0799871195282321,41,1.05745035546715,4.2043304490247
"Rip + Mix + FUTURE",56,0.1412279156968,0.131502951565199,51,0.681827168154996,4.88615761717969
"Rip + Mix + FUTURE",61,0.158861177181825,0.1412279156968,56,0.750222732196562,5.63638034937625
"Rip + Mix + FUTURE",63,0.151734089700039,0.158861177181825,61,0.310595266881865,5.94697561625812
"Rip + Mix + FUTURE",66,0.178835177561268,0.151734089700039,63,0.495853900891962,6.44282951715008
"Rip + Mix + FUTURE",71,0.186156906629913,0.178835177561268,66,0.912480210477952,7.35530972762803
"Rip + Mix + FUTURE",76,0.232681410340592,0.186156906629913,71,1.04709579242626,8.40240552005429
"Rip + Mix + FUTURE",81,0.273028459050693,0.232681410340592,76,1.26427467347821,9.66668019353251
"Rip + Mix + FUTURE",83,0.275642483960837,0.273028459050693,81,0.54867094301153,10.215351136544
"Rip + Mix + FUTURE",91,0.317267335229553,0.275642483960837,83,2.37163927676156,12.5869904133056
"Rip + Mix + FUTURE",96,0.359519476350397,0.317267335229553,91,1.69196702894988,14.2789574422555
"Rip + Mix + FUTURE",101,0.337030540546402,0.359519476350397,96,1.741375042242,16.0203324844975
"Rip + Mix + FUTURE",111,0.469036613509525,0.337030540546402,101,4.03033577027963,20.0506682547771
"Rip + Mix + FUTURE",121,0.451913936180063,0.469036613509525,111,4.60475274844794,24.655421003225
"Rip + Mix + FUTURE",126,0.231624621571973,0.451913936180063,121,1.70884639438009,26.3642673976051
"Rip + Mix + FUTURE",136,0.552068145736121,0.231624621571973,126,3.91846383654047,30.2827312341456
"Rip + Mix + FUTURE",141,0.348472688207403,0.552068145736121,136,2.25135208485881,32.5340833190044
"Rip + Mix + FUTURE",143,0.169127488019876,0.348472688207403,141,0.517600176227279,33.0516834952317
"Rip + Mix + FUTURE",146,0.397231810586527,0.169127488019876,143,0.849538947909605,33.9012224431413
"Rip + Mix + FUTURE",151,0.519696611445397,0.397231810586527,146,2.29232105507981,36.1935434982211
"Rip + Mix + FUTURE",156,0.501947149797343,0.519696611445397,151,2.55410940310685,38.747652901328
"Rip+Mix",3,0.0580428000617151,0.0580428000617151,0,0.174128400185145,0.174128400185145
"Rip+Mix",6,0.0739315631178518,0.0580428000617151,3,0.19796154476935,0.372089944954496
"Rip+Mix",11,0.0740546212764457,0.0739315631178518,6,0.369965460985744,0.74205540594024
"Rip+Mix",16,0.0637786489085768,0.0740546212764457,11,0.344583175462556,1.0866385814028
"Rip+Mix",21,0.079933422865967,0.0637786489085768,16,0.359280179436359,1.44591876083916
"Rip+Mix",23,0.0960665945895016,0.079933422865967,21,0.176000017455469,1.62191877829462
"Rip+Mix",26,0.0936765912299355,0.0960665945895016,23,0.284614778729156,1.90653355702378
"Rip+Mix",31,0.0812935897692417,0.0936765912299355,26,0.437425452497943,2.34395900952172
"Rip+Mix",41,0.0812278726681446,0.0812935897692417,31,0.812607312186931,3.15656632170865
"Rip+Mix",51,0.126123077205072,0.0812278726681446,41,1.03675474936608,4.19332107107474
"Rip+Mix",56,0.13668474702475,0.126123077205072,51,0.657019560574554,4.85034063164929
"Rip+Mix",61,0.152388487554466,0.13668474702475,56,0.722683086448039,5.57302371809733
"Rip+Mix",63,0.147405842334653,0.152388487554466,61,0.299794329889119,5.87281804798645
"Rip+Mix",66,0.172698342381045,0.147405842334653,63,0.480156277073547,6.35297432505999
"Rip+Mix",71,0.181786615572249,0.172698342381045,66,0.886212394883235,7.23918671994323
"Rip+Mix",76,0.22934984623765,0.181786615572249,71,1.02784115452475,8.26702787446798
"Rip+Mix",81,0.2705341502248,0.22934984623765,76,1.24970999115612,9.5167378656241
"Rip+Mix",83,0.27587167082044,0.2705341502248,81,0.54640582104524,10.0631436866693
"Rip+Mix",91,0.31891867974773,0.27587167082044,83,2.37916140227268,12.442305088942
"Rip+Mix",96,0.364100888790563,0.31891867974773,91,1.70754892134573,14.1498540102878
"Rip+Mix",101,0.339800219098106,0.364100888790563,96,1.75975276972167,15.9096067800094
"Rip+Mix",111,0.476532622426748,0.339800219098106,101,4.08166420762427,19.9912709876337
"Rip+Mix",121,0.467043206623445,0.476532622426748,111,4.71787914525097,24.7091501328847
"Rip+Mix",126,0.231723555674156,0.467043206623445,121,1.746916905744,26.4560670386287
"Rip+Mix",136,0.553783787383388,0.231723555674156,126,3.92753671528772,30.3836037539164
"Rip+Mix",141,0.371422898676246,0.553783787383388,136,2.31301671514909,32.6966204690655
"Rip+Mix",143,0.166780485026538,0.371422898676246,141,0.538203383702785,33.2348238527683
"Rip+Mix",146,0.398158048093319,0.166780485026538,143,0.847407799679786,34.082231652448
"Rip+Mix",151,0.518007255066186,0.398158048093319,146,2.29041325789876,36.3726449103468
"Rip+Mix",156,0.500110039052864,0.518007255066186,151,2.54529323529763,38.9179381456444
"Rip+Mix (+Lime)",3,0.0578276683894595,0.0578276683894595,0,0.173483005168378,0.173483005168378
"Rip+Mix (+Lime)",6,0.0731871258496494,0.0578276683894595,3,0.196522191358663,0.370005196527042
"Rip+Mix (+Lime)",11,0.0736681223206234,0.0731871258496494,6,0.367138120425682,0.737143316952724
"Rip+Mix (+Lime)",16,0.0657006289379787,0.0736681223206234,11,0.348421878146505,1.08556519509923
"Rip+Mix (+Lime)",21,0.0811067977150126,0.0657006289379787,16,0.367018566632478,1.45258376173171
"Rip+Mix (+Lime)",23,0.0970936984683906,0.0811067977150126,21,0.178200496183403,1.63078425791511
"Rip+Mix (+Lime)",26,0.095174840199594,0.0970936984683906,23,0.288402808001977,1.91918706591709
"Rip+Mix (+Lime)",31,0.0833908705950341,0.095174840199594,26,0.44641427698657,2.36560134290366
"Rip+Mix (+Lime)",41,0.08593073860392,0.0833908705950341,31,0.846608045994771,3.21220938889843
"Rip+Mix (+Lime)",51,0.135992683993301,0.08593073860392,41,1.1096171129861,4.32182650188453
"Rip+Mix (+Lime)",56,0.148498277500992,0.135992683993301,51,0.711227403735733,5.03305390562027
"Rip+Mix (+Lime)",61,0.169708677380115,0.148498277500992,56,0.795517387202768,5.82857129282303
"Rip+Mix (+Lime)",63,0.154275279451458,0.169708677380115,61,0.323983956831573,6.15255524965461
"Rip+Mix (+Lime)",66,0.19181296182869,0.154275279451458,63,0.519132361920222,6.67168761157483
"Rip+Mix (+Lime)",71,0.201007029207281,0.19181296182869,66,0.982049977589927,7.65373758916476
"Rip+Mix (+Lime)",76,0.252297731787664,0.201007029207281,71,1.13326190248736,8.78699949165212
"Rip+Mix (+Lime)",81,0.296942899035589,0.252297731787664,76,1.37310157705813,10.1601010687102
"Rip+Mix (+Lime)",83,0.300489830059492,0.296942899035589,81,0.597432729095081,10.7575337978053
"Rip+Mix (+Lime)",91,0.34789488816782,0.300489830059492,83,2.59353887290925,13.3510726707146
"Rip+Mix (+Lime)",96,0.390455324208588,0.34789488816782,91,1.84587553094102,15.1969482016556
"Rip+Mix (+Lime)",101,0.359210405283711,0.390455324208588,96,1.87416432373075,17.0711125253863
"Rip+Mix (+Lime)",111,0.497727315936836,0.359210405283711,101,4.28468860610273,21.3558011314891
"Rip+Mix (+Lime)",121,0.490557187897925,0.497727315936836,111,4.9414225191738,26.2972236506629
"Rip+Mix (+Lime)",126,0.229076684125686,0.490557187897925,121,1.79908468005903,28.0963083307219
"Rip+Mix (+Lime)",136,0.556609156653401,0.229076684125686,126,3.92842920389544,32.0247375346173
"Rip+Mix (+Lime)",141,0.412656683422474,0.556609156653401,136,2.42316460018969,34.447902134807
"Rip+Mix (+Lime)",143,0.165743470796371,0.412656683422474,141,0.578400154218845,35.0263022890259
"Rip+Mix (+Lime)",146,0.396421146420718,0.165743470796371,143,0.843246925825634,35.8695492148515
"Rip+Mix (+Lime)",151,0.514790535321846,0.396421146420718,146,2.27802920435641,38.1475784192079
"Rip+Mix (+Lime)",156,0.493860280016283,0.514790535321846,151,2.52162703834532,40.6692054575532
